{
  "IcoMoonType": "selection",
  "icons": [
    {
      "icon": {
        "paths": [
          "M442.142 460.611l-19.808 455.277h65.495l-19.808-455.277h-25.879z",
          "M422.333 5.333h65.495l-19.808 455.273h-25.879l-19.808-455.273z",
          "M910.217 428.014v65.176l-455.272-19.808v-25.559l455.272-19.809z",
          "M0 493.19v-65.176l454.952 19.809v25.559l-454.952 19.808z",
          "M799.994 759.33l-46.006 46.33-307.988-336.102 18.211-18.211 335.783 307.983z",
          "M110.222 161.881l46.007-46.326 307.987 335.784-18.211 18.211-335.783-307.669z",
          "M753.988 115.556l46.006 46.326-335.783 307.669-18.211-18.211 307.988-335.784z",
          "M156.229 805.66l-46.007-46.33 335.783-307.983 18.211 18.53-307.987 335.783z"
        ],
        "attrs": [
          {
            "fill": "rgb(232, 232, 232)"
          },
          {
            "fill": "rgb(232, 232, 232)"
          },
          {
            "fill": "rgb(232, 232, 232)"
          },
          {
            "fill": "rgb(232, 232, 232)"
          },
          {
            "fill": "rgb(232, 232, 232)"
          },
          {
            "fill": "rgb(232, 232, 232)"
          },
          {
            "fill": "rgb(232, 232, 232)"
          },
          {
            "fill": "rgb(232, 232, 232)"
          }
        ],
        "width": 910,
        "isMulticolor": false,
        "isMulticolor2": false,
        "grid": 0,
        "tags": [
          "g-icon-breakfast"
        ]
      },
      "attrs": [
        {
          "fill": "rgb(232, 232, 232)"
        },
        {
          "fill": "rgb(232, 232, 232)"
        },
        {
          "fill": "rgb(232, 232, 232)"
        },
        {
          "fill": "rgb(232, 232, 232)"
        },
        {
          "fill": "rgb(232, 232, 232)"
        },
        {
          "fill": "rgb(232, 232, 232)"
        },
        {
          "fill": "rgb(232, 232, 232)"
        },
        {
          "fill": "rgb(232, 232, 232)"
        }
      ],
      "properties": {
        "order": 127,
        "id": 4,
        "name": "g-icon-breakfast",
        "prevSize": 32
      },
      "setIdx": 6,
      "setId": 7,
      "iconIdx": 0
    },
    {
      "icon": {
        "paths": [
          "M457.778 291.211l-90.461-236.989 1.56 255.818-168.756-182.124 93.579 235.366-221.784-99.341 171.563 179.527-240.813-1.947 223.033 96.094-223.033 96.416 240.813-1.946-171.563 179.524 221.784-99.664-93.579 235.691 168.756-182.124-1.56 255.818 90.461-236.988 90.46 236.988-1.56-255.818 168.756 182.124-93.577-235.691 221.781 99.664-171.56-179.524 240.811 1.946-223.033-96.416 223.033-96.094-240.811 1.947 171.56-179.527-221.781 99.341 93.577-235.366-168.756 182.124 1.56-255.818-90.46 236.989z"
        ],
        "attrs": [
          {
            "fill": "rgb(232, 232, 232)"
          }
        ],
        "width": 967,
        "isMulticolor": false,
        "isMulticolor2": false,
        "grid": 0,
        "tags": [
          "g-icon-dinner"
        ]
      },
      "attrs": [
        {
          "fill": "rgb(232, 232, 232)"
        }
      ],
      "properties": {
        "order": 123,
        "id": 3,
        "name": "g-icon-dinner",
        "prevSize": 32
      },
      "setIdx": 6,
      "setId": 7,
      "iconIdx": 1
    },
    {
      "icon": {
        "paths": [
          "M1092.267 6.4h-1092.267v1012.439h1092.267v-1012.439z"
        ],
        "attrs": [
          {
            "fill": "rgb(232, 232, 232)"
          }
        ],
        "width": 1092,
        "isMulticolor": false,
        "isMulticolor2": false,
        "grid": 0,
        "tags": [
          "g-icon-square"
        ]
      },
      "attrs": [
        {
          "fill": "rgb(232, 232, 232)"
        }
      ],
      "properties": {
        "order": 124,
        "id": 2,
        "name": "g-icon-square",
        "prevSize": 32
      },
      "setIdx": 6,
      "setId": 7,
      "iconIdx": 2
    },
    {
      "icon": {
        "paths": [
          "M668.137 537.775c0 119.787-91.346 216.498-203.763 216.498-112.42 0-203.763-97.052-203.763-216.498 0-119.447 91.343-216.497 203.763-216.497 112.417 0 203.763 97.050 203.763 216.497z",
          "M464.374 754.273c112.536 0 203.763-96.933 203.763-216.498 0-119.568-91.227-216.497-203.763-216.497-112.535 0-203.763 96.929-203.763 216.497 0 119.565 91.228 216.498 203.763 216.498z",
          "M455.111 54.222v967.11M0 537.777h910.222"
        ],
        "attrs": [
          {
            "fill": "rgb(232, 232, 232)"
          },
          {
            "fill": "none",
            "stroke": "rgb(232, 232, 232)",
            "strokeLinejoin": "miter",
            "strokeLinecap": "butt",
            "strokeMiterlimit": "10",
            "strokeWidth": 20.479999999999997
          },
          {
            "fill": "none",
            "stroke": "rgb(232, 232, 232)",
            "strokeLinejoin": "miter",
            "strokeLinecap": "butt",
            "strokeMiterlimit": "10",
            "strokeWidth": 61.44
          }
        ],
        "width": 910,
        "isMulticolor": false,
        "isMulticolor2": true,
        "grid": 0,
        "tags": [
          "g-icon-star-desert"
        ]
      },
      "attrs": [
        {
          "fill": "rgb(232, 232, 232)"
        },
        {
          "fill": "none",
          "stroke": "rgb(232, 232, 232)",
          "strokeLinejoin": "miter",
          "strokeLinecap": "butt",
          "strokeMiterlimit": "10",
          "strokeWidth": 20.479999999999997
        },
        {
          "fill": "none",
          "stroke": "rgb(232, 232, 232)",
          "strokeLinejoin": "miter",
          "strokeLinecap": "butt",
          "strokeMiterlimit": "10",
          "strokeWidth": 61.44
        }
      ],
      "properties": {
        "order": 125,
        "id": 1,
        "name": "g-icon-star-desert",
        "prevSize": 32
      },
      "setIdx": 6,
      "setId": 7,
      "iconIdx": 3
    }
  ],
  "height": 1024,
  "preferences": {
    "showGlyphs": true,
    "showQuickUse": true,
    "showQuickUse2": true,
    "showSVGs": true,
    "fontPref": {
      "prefix": "icon-",
      "metadata": {
        "fontFamily": "icomoon"
      },
      "metrics": {
        "emSize": 1024,
        "baseline": 6.25,
        "whitespace": 50
      },
      "embed": false
    },
    "imagePref": {
      "prefix": "icon-",
      "png": true,
      "useClassSelector": true,
      "color": 0,
      "bgColor": 16777215,
      "classSelector": ".icon",
      "name": "icomoon",
      "height": 32,
      "columns": 16,
      "margin": 16
    },
    "historySize": 50,
    "showCodes": true,
    "gridSize": 16
  }
}